{
    "name": "9f18c617-0cfc-42ca-bdde-7644dc7333ea",
    "id": "/providers/Microsoft.Flow/flows/9f18c617-0cfc-42ca-bdde-7644dc7333ea",
    "type": "Microsoft.Flow/flows",
    "properties": {
        "apiId": "/providers/Microsoft.PowerApps/apis/shared_logicflows",
        "displayName": "COB Group creation",
        "definition": {
            "$schema": "https://schema.management.azure.com/providers/Microsoft.Logic/schemas/2016-06-01/workflowdefinition.json#",
            "contentVersion": "1.0.0.0",
            "parameters": {
                "$connections": {
                    "defaultValue": {},
                    "type": "Object"
                },
                "$authentication": {
                    "defaultValue": {},
                    "type": "SecureObject"
                }
            },
            "triggers": {
                "When_an_item_is_created_in_the_Group_Requests_list": {
                    "recurrence": {
                        "interval": 1,
                        "frequency": "Minute"
                    },
                    "splitOn": "@triggerBody()?['value']",
                    "metadata": {
                        "flowSystemMetadata": {
                            "swaggerOperationId": "GetOnNewItems"
                        }
                    },
                    "type": "ApiConnection",
                    "inputs": {
                        "host": {
                            "api": {
                                "runtimeUrl": "https://europe-001.azure-apim.net/apim/sharepointonline"
                            },
                            "connection": {
                                "name": "@parameters('$connections')['shared_sharepointonline']['connectionId']"
                            }
                        },
                        "method": "get",
                        "path": "/datasets/@{encodeURIComponent(encodeURIComponent('https://chrisobriensp.sharepoint.com/sites/modern2'))}/tables/@{encodeURIComponent(encodeURIComponent('a79d7017-f5d2-4abb-8dce-5a2952ea83f4'))}/onnewitems",
                        "authentication": "@parameters('$authentication')"
                    }
                }
            },
            "actions": {
                "Create_Office_365_Group_(team_space)": {
                    "runAfter": {},
                    "type": "Http",
                    "inputs": {
                        "method": "POST",
                        "uri": "https://graph.microsoft.com/v1.0/groups",
                        "headers": {
                            "Content-type": "application/json"
                        },
                        "body": {
                            "description": "@triggerBody()?['Group_x0020_description']",
                            "displayName": "@triggerBody()?['Group_x0020_display_x0020_name']",
                            "groupTypes": [
                                "Unified"
                            ],
                            "mailEnabled": true,
                            "mailNickname": "@triggerBody()?['Group_x0020_short_x0020_name']",
                            "securityEnabled": false
                        },
                        "authentication": {
                            "type": "ActiveDirectoryOAuth",
                            "tenant": "",
                            "audience": "https://graph.microsoft.com",
                            "clientId": "",
                            "secret": ""
                        }
                    }
                },
                "Add_owner_to_created_Group": {
                    "runAfter": {
                        "Parse_JSON_(Group_requestor)": [
                            "Succeeded"
                        ]
                    },
                    "type": "Http",
                    "inputs": {
                        "method": "POST",
                        "uri": "https://graph.microsoft.com/v1.0/groups/@{body('Parse_JSON_(created_Group_details)')?['id']}/owners/$ref",
                        "body": {
                            "@{concat('@','odata.id')}": "https://graph.microsoft.com/v1.0/users/@{body('Parse_JSON_(Group_requestor)')?['id']}"
                        },
                        "authentication": {
                            "type": "ActiveDirectoryOAuth",
                            "tenant": "",
                            "audience": "https://graph.microsoft.com",
                            "clientId": "",
                            "secret": ""
                        }
                    }
                },
                "Get_user": {
                    "runAfter": {
                        "Add_item_to_Created_Groups_list": [
                            "Succeeded"
                        ]
                    },
                    "type": "Http",
                    "inputs": {
                        "method": "GET",
                        "uri": "https://graph.microsoft.com/v1.0/users/@{triggerBody()?['Author']?['Email']}",
                        "authentication": {
                            "type": "ActiveDirectoryOAuth",
                            "tenant": "",
                            "audience": "https://graph.microsoft.com",
                            "clientId": "",
                            "secret": ""
                        }
                    }
                },
                "Add_item_to_Created_Groups_list": {
                    "runAfter": {
                        "Parse_JSON_(created_Group_details)": [
                            "Succeeded"
                        ]
                    },
                    "metadata": {
                        "flowSystemMetadata": {
                            "swaggerOperationId": "PostItem"
                        }
                    },
                    "type": "ApiConnection",
                    "inputs": {
                        "host": {
                            "api": {
                                "runtimeUrl": "https://europe-001.azure-apim.net/apim/sharepointonline"
                            },
                            "connection": {
                                "name": "@parameters('$connections')['shared_sharepointonline']['connectionId']"
                            }
                        },
                        "method": "post",
                        "body": {
                            "Title": "@body('Parse_JSON_(created_Group_details)')?['displayName']",
                            "Group_x0020_ID": "@body('Parse_JSON_(created_Group_details)')?['id']"
                        },
                        "path": "/datasets/@{encodeURIComponent(encodeURIComponent('https://chrisobriensp.sharepoint.com/sites/modern2'))}/tables/@{encodeURIComponent(encodeURIComponent('174eea3b-f4ec-4993-b375-feb0258c216c'))}/items",
                        "authentication": "@parameters('$authentication')"
                    }
                },
                "Parse_JSON_(Group_requestor)": {
                    "runAfter": {
                        "Get_user": [
                            "Succeeded"
                        ]
                    },
                    "type": "ParseJson",
                    "inputs": {
                        "content": "@body('Get_user')",
                        "schema": {
                            "type": "object",
                            "properties": {
                                "businessPhones": {
                                    "type": "array",
                                    "items": {
                                        "type": [
                                            "string",
                                            "null"
                                        ]
                                    }
                                },
                                "userPrincipalName": {
                                    "type": "string"
                                },
                                "id": {
                                    "type": "string"
                                }
                            }
                        }
                    }
                },
                "Parse_JSON_(created_Group_details)": {
                    "runAfter": {
                        "Create_Office_365_Group_(team_space)": [
                            "Succeeded"
                        ]
                    },
                    "type": "ParseJson",
                    "inputs": {
                        "content": "@body('Create_Office_365_Group_(team_space)')",
                        "schema": {
                            "type": "object",
                            "properties": {
                                "id": {
                                    "type": "string"
                                },
                                "description": {
                                    "type": [
                                        "string",
                                        "null"
                                    ]
                                },
                                "displayName": {
                                    "type": [
                                        "string",
                                        "null"
                                    ]
                                },
                                "groupTypes": {
                                    "type": "array",
                                    "items": {
                                        "type": "string"
                                    }
                                },
                                "mail": {
                                    "type": "string"
                                },
                                "mailEnabled": {
                                    "type": "boolean"
                                },
                                "mailNickname": {
                                    "type": "string"
                                },
                                "securityEnabled": {
                                    "type": "boolean"
                                }
                            }
                        }
                    }
                }
            },
            "description": "Creates an Office 365 Group from a SharePoint list, and adds the requestor as the Group owner."
        },
        "connectionReferences": {
            "shared_sharepointonline": {
                "connectionName": "320c3540f71949ec8abb5e23d5603d81",
                "source": "Embedded",
                "id": "/providers/Microsoft.PowerApps/apis/shared_sharepointonline",
                "tier": "NotSpecified"
            }
        },
        "flowFailureAlertSubscribed": false
    }
}